OBJECTID,TILENAME,DOWNLOAD_P,AVAILABLE,COMMTYPE,YEAR,NOTE,TILENUM,FIPS6,TOWNGEOID,MEETS_STD,ORIG_P,SHAPE_Length,SHAPE_Area
1,Canaan,https://maps.vcgi.vermont.gov/gisdata/vcgi/packaged_zips/CadastralParcels_VTPARCELS/VTPARCELS_Canaan.zip,Y,TOWN,2019-08-29,,CANAAN,9030,5000911800,Y, ,63085.3663352266,86133926.423019
2,Franklin,https://maps.vcgi.vermont.gov/gisdata/vcgi/packaged_zips/CadastralParcels_VTPARCELS/VTPARCELS_Franklin.zip,Y,TOWN,2020-10-26,,FRANKLIN,11040,5001127100,Y, ,42591.2567543628,105852919.571943
3,Averill,https://maps.vcgi.vermont.gov/gisdata/vcgi/packaged_zips/CadastralParcels_VTPARCELS/VTPARCELS_Averill.zip,Y,TOWN,2018-05-06, ,AVERILL,9005,5000902125,Y,http://maps.vcgi.vermont.gov/gisdata/vcgi/packaged_zips/CadastralParcels_VTPARCELS/VTPARCELS_standardized/AVERILL/ORIG/VTPARCELS_AVERILL_2017.zip,39794.7676281077,98589185.0390946
4,Averys Gore,https://maps.vcgi.vermont.gov/gisdata/vcgi/packaged_zips/CadastralParcels_VTPARCELS/VTPARCELS_Averys Gore.zip,Y,GORE,2018-05-06, ,AVERYSGORE,9010,5000902162,Y,http://maps.vcgi.vermont.gov/gisdata/vcgi/packaged_zips/CadastralParcels_VTPARCELS/VTPARCELS_standardized/AVERYSGORE/ORIG/VTPARCELS_AVERYSGORE_2017.zip,30643.4706826886,47292690.029204
5,Warren Gore,https://maps.vcgi.vermont.gov/gisdata/vcgi/packaged_zips/CadastralParcels_VTPARCELS/VTPARCELS_Warren Gore.zip,Y,GORE,2018-05-06, ,WARRENGORE,9095,5000976562,Y,http://maps.vcgi.vermont.gov/gisdata/vcgi/packaged_zips/CadastralParcels_VTPARCELS/VTPARCELS_standardized/WARRENGORE/ORIG/VTPARCELS_WARRENGORE_2017.zip,22700.0354441407,26689895.3595464
6,Warners Grant,https://maps.vcgi.vermont.gov/gisdata/vcgi/packaged_zips/CadastralParcels_VTPARCELS/VTPARCELS_Warners Grant.zip,Y,GRANT,2018-05-06, ,WARNERSGRANT,9090,5000976337,Y,http://maps.vcgi.vermont.gov/gisdata/vcgi/packaged_zips/CadastralParcels_VTPARCELS/VTPARCELS_standardized/WARNERSGRANT/ORIG/VTPARCELS_WARNERSGRANT_2017.zip,14083.9302660956,8288807.99485071
7,Lewis,https://maps.vcgi.vermont.gov/gisdata/vcgi/packaged_zips/CadastralParcels_VTPARCELS/VTPARCELS_Lewis.zip,Y,TOWN,2018-05-06, ,LEWIS,9065,5000939775,Y, ,40392.5598767474,101060097.720801
8,North Hero,https://maps.vcgi.vermont.gov/gisdata/vcgi/packaged_zips/CadastralParcels_VTPARCELS/VTPARCELS_North Hero.zip,Y,TOWN,2021-07-01,,NORTHHERO,13020,5001350650,Y, ,55473.7486262871,119147806.756252
9,Brownington,https://maps.vcgi.vermont.gov/gisdata/vcgi/packaged_zips/CadastralParcels_VTPARCELS/VTPARCELS_Brownington.zip,Y,TOWN,2021-01-21,,BROWNINGTON,19015,5001909850,Y, ,35879.9585538927,73447021.8789971
10,Brighton,https://maps.vcgi.vermont.gov/gisdata/vcgi/packaged_zips/CadastralParcels_VTPARCELS/VTPARCELS_Brighton.zip,Y,TOWN,2019-12-04,,BRIGHTON,9020,5000908725,Y, ,48133.1630393454,140748545.048248
11,Irasburg,https://maps.vcgi.vermont.gov/gisdata/vcgi/packaged_zips/CadastralParcels_VTPARCELS/VTPARCELS_Irasburg.zip,Y,TOWN,2019-03-05,,IRASBURG,19055,5001935575,Y, ,41392.6016953298,104988421.12291
12,Saint Albans City,https://maps.vcgi.vermont.gov/gisdata/vcgi/packaged_zips/CadastralParcels_VTPARCELS/VTPARCELS_Saint Albans City.zip,Y,CITY,2018-05-04, ,STALBANSCITY,11065,5001161675,Y,http://maps.vcgi.vermont.gov/gisdata/vcgi/packaged_zips/CadastralParcels_VTPARCELS/VTPARCELS_standardized/STALBANSCITY/ORIG/VTPARCELS_STALBANSCITY_2017.zip,12235.8901230042,5074606.07053923
13,Ferdinand,https://maps.vcgi.vermont.gov/gisdata/vcgi/packaged_zips/CadastralParcels_VTPARCELS/VTPARCELS_Ferdinand.zip,Y,TOWN,2018-05-06, ,FERDINAND,9045,5000925975,Y,http://maps.vcgi.vermont.gov/gisdata/vcgi/packaged_zips/CadastralParcels_VTPARCELS/VTPARCELS_standardized/FERDINAND/ORIG/VTPARCELS_FERDINAND_2017.zip,55273.1210425638,137488290.292746
14,Georgia,https://maps.vcgi.vermont.gov/gisdata/vcgi/packaged_zips/CadastralParcels_VTPARCELS/VTPARCELS_Georgia.zip,Y,TOWN,2019-08-13,,GEORGIA,11045,5001127700,Y, ,47293.6654908049,117203510.925361
15,Albany,https://maps.vcgi.vermont.gov/gisdata/vcgi/packaged_zips/CadastralParcels_VTPARCELS/VTPARCELS_Albany.zip,Y,TOWN,2019-08-20,,ALBANY,19005,5001900475,Y, ,40183.4232717184,100957172.074649
16,Fairfax,https://maps.vcgi.vermont.gov/gisdata/vcgi/packaged_zips/CadastralParcels_VTPARCELS/VTPARCELS_Fairfax.zip,Y,TOWN,2019-04-02,,FAIRFAX,11025,5001124925,Y, ,46170.7285540796,104431145.709229
17,Milton,https://maps.vcgi.vermont.gov/gisdata/vcgi/packaged_zips/CadastralParcels_VTPARCELS/VTPARCELS_Milton.zip,Y,TOWN,2021-07-01,,MILTON,7050,5000745250,Y, ,54906.1007603323,157909638.698796
18,East Haven,https://maps.vcgi.vermont.gov/gisdata/vcgi/packaged_zips/CadastralParcels_VTPARCELS/VTPARCELS_East Haven.zip,Y,TOWN,2018-11-05,,EASTHAVEN,9040,5000921250,Y, ,39249.1088679857,96599833.0787001
19,Craftsbury,https://maps.vcgi.vermont.gov/gisdata/vcgi/packaged_zips/CadastralParcels_VTPARCELS/VTPARCELS_Craftsbury.zip,Y,TOWN,2019-05-15,,CRAFTSBURY,19030,5001916300,Y, ,40426.3232335251,102452193.674348
20,Sheffield,https://maps.vcgi.vermont.gov/gisdata/vcgi/packaged_zips/CadastralParcels_VTPARCELS/VTPARCELS_Sheffield.zip,Y,TOWN,2019-02-04,,SHEFFIELD,5060,5000564075,Y, ,36548.5729491278,85506450.7956662
21,Wolcott,https://maps.vcgi.vermont.gov/gisdata/vcgi/packaged_zips/CadastralParcels_VTPARCELS/VTPARCELS_Wolcott.zip,Y,TOWN,2020-02-26,,WOLCOTT,15050,5001585375,Y, ,40355.0842010414,101790637.802903
22,Wheelock,https://maps.vcgi.vermont.gov/gisdata/vcgi/packaged_zips/CadastralParcels_VTPARCELS/VTPARCELS_Wheelock.zip,Y,TOWN,2021-06-15, ,WHEELOCK,5085,5000583500,Y,http://maps.vcgi.vermont.gov/gisdata/vcgi/packaged_zips/CadastralParcels_VTPARCELS/VTPARCELS_standardized/WHEELOCK/ORIG/VTPARCELS_WHEELOCK_2017.zip,47927.5494853867,103138664.063687
23,Kirby,https://maps.vcgi.vermont.gov/gisdata/vcgi/packaged_zips/CadastralParcels_VTPARCELS/VTPARCELS_Kirby.zip,Y,TOWN,2020-09-05,,KIRBY,5030,5000537900,Y, ,35919.301627707,64086853.3746408
24,Walden,https://maps.vcgi.vermont.gov/gisdata/vcgi/packaged_zips/CadastralParcels_VTPARCELS/VTPARCELS_Walden.zip,Y,TOWN,2019-07-30,,WALDEN,5075,5000575700,Y, ,40181.7641273648,100947843.163197
25,Jericho,https://maps.vcgi.vermont.gov/gisdata/vcgi/packaged_zips/CadastralParcels_VTPARCELS/VTPARCELS_Jericho.zip,Y,TOWN,2019-03-06,,JERICHO,7045,5000736700,Y, ,41038.8611837523,92167329.8596054
26,Woodbury,https://maps.vcgi.vermont.gov/gisdata/vcgi/packaged_zips/CadastralParcels_VTPARCELS/VTPARCELS_Woodbury.zip,Y,TOWN,2018-03-16, ,WOODBURY,23095,5002385525,Y,http://maps.vcgi.vermont.gov/gisdata/vcgi/packaged_zips/CadastralParcels_VTPARCELS/VTPARCELS_standardized/WOODBURY/ORIG/VTPARCELS_WOODBURY_2017.zip,40229.8666089725,101733756.305248
27,Worcester,https://maps.vcgi.vermont.gov/gisdata/vcgi/packaged_zips/CadastralParcels_VTPARCELS/VTPARCELS_Worcester.zip,Y,TOWN,2020-10-12,,WORCESTER,23100,5002386125,Y, ,40374.8432839308,100298215.003549
28,Middlesex,https://maps.vcgi.vermont.gov/gisdata/vcgi/packaged_zips/CadastralParcels_VTPARCELS/VTPARCELS_Middlesex.zip,Y,TOWN,2020-11-09,Updated by VCGI using best available information.,MIDDLESEX,23050,5002344500,Y,http://maps.vcgi.vermont.gov/gisdata/vcgi/packaged_zips/CadastralParcels_VTPARCELS/VTPARCELS_standardized/MIDDLESEX/ORIG/VTPARCELS_MIDDLESEX_2017.zip,46704.8202674804,103054812.3667
29,Waterbury,https://maps.vcgi.vermont.gov/gisdata/vcgi/packaged_zips/CadastralParcels_VTPARCELS/VTPARCELS_Waterbury.zip,Y,TOWN,2021-05-18, ,WATERBURY,23090,5002376975,Y,http://maps.vcgi.vermont.gov/gisdata/vcgi/packaged_zips/CadastralParcels_VTPARCELS/VTPARCELS_standardized/WATERBURY/ORIG/VTPARCELS_WATERBURY_2017.zip,52612.9851838532,128420960.659927
30,Fayston,https://maps.vcgi.vermont.gov/gisdata/vcgi/packaged_zips/CadastralParcels_VTPARCELS/VTPARCELS_Fayston.zip,Y,TOWN,2019-03-06,,FAYSTON,23040,5002325825,Y, ,41780.6544008539,94571698.493904
31,Orange,https://maps.vcgi.vermont.gov/gisdata/vcgi/packaged_zips/CadastralParcels_VTPARCELS/VTPARCELS_Orange.zip,Y,TOWN,2020-11-13,Updated by VCGI using best available information,ORANGE,17040,5001753425,Y,http://maps.vcgi.vermont.gov/gisdata/vcgi/packaged_zips/CadastralParcels_VTPARCELS/VTPARCELS_standardized/ORANGE/ORIG/VTPARCELS_ORANGE_2017.zip,40571.6688448167,100903458.55775
32,Barre City,https://maps.vcgi.vermont.gov/gisdata/vcgi/packaged_zips/CadastralParcels_VTPARCELS/VTPARCELS_Barre City.zip,Y,CITY,2019-01-11,,BARRECITY,23005,5002303175,Y, ,17269.4706132661,10411303.3859065
33,Bristol,https://maps.vcgi.vermont.gov/gisdata/vcgi/packaged_zips/CadastralParcels_VTPARCELS/VTPARCELS_Bristol.zip,Y,TOWN,2019-02-02,,BRISTOL,1015,5000109025,Y, ,51862.8775684779,106722088.159552
34,Corinth,https://maps.vcgi.vermont.gov/gisdata/vcgi/packaged_zips/CadastralParcels_VTPARCELS/VTPARCELS_Corinth.zip,Y,TOWN,2019-01-22,,CORINTH,17025,5001715700,Y, ,45062.7360456954,125220680.394797
35,Middlebury,https://maps.vcgi.vermont.gov/gisdata/vcgi/packaged_zips/CadastralParcels_VTPARCELS/VTPARCELS_Middlebury.zip,Y,TOWN,2019-08-14,,MIDDLEBURY,1055,5000144350,Y, ,41224.7161504089,102618440.852248
36,Pittsfield,https://maps.vcgi.vermont.gov/gisdata/vcgi/packaged_zips/CadastralParcels_VTPARCELS/VTPARCELS_Pittsfield.zip,Y,TOWN,2018-04-05, ,PITTSFIELD,21075,5002155450,Y,http://maps.vcgi.vermont.gov/gisdata/vcgi/packaged_zips/CadastralParcels_VTPARCELS/VTPARCELS_standardized/PITTSFIELD/ORIG/VTPARCELS_PITTSFIELD_2017.zip,38572.1171752195,53205992.8316592
37,Bridgewater,https://maps.vcgi.vermont.gov/gisdata/vcgi/packaged_zips/CadastralParcels_VTPARCELS/VTPARCELS_Bridgewater.zip,Y,TOWN,2020-10-12,,BRIDGEWATER,27025,5002708275,Y, ,45900.3664759929,128500178.372805
38,West Haven,https://maps.vcgi.vermont.gov/gisdata/vcgi/packaged_zips/CadastralParcels_VTPARCELS/VTPARCELS_West Haven.zip,Y,TOWN,2019-08-13,,WESTHAVEN,21135,5002180875,Y, ,46397.8652726349,74478281.4190343
39,Hartland,https://maps.vcgi.vermont.gov/gisdata/vcgi/packaged_zips/CadastralParcels_VTPARCELS/VTPARCELS_Hartland.zip,Y,TOWN,2020-10-26,,HARTLAND,27045,5002732425,Y, ,47226.4189570148,117796115.665822
40,Plymouth,https://maps.vcgi.vermont.gov/gisdata/vcgi/packaged_zips/CadastralParcels_VTPARCELS/VTPARCELS_Plymouth.zip,Y,TOWN,2019-09-19,,PLYMOUTH,27060,5002756050,Y, ,46063.9629817522,126202531.380742
41,Reading,https://maps.vcgi.vermont.gov/gisdata/vcgi/packaged_zips/CadastralParcels_VTPARCELS/VTPARCELS_Reading.zip,Y,TOWN,2018-12-04, ,READING,27070,5002758375,Y, ,41679.7405145333,106909973.159469
42,Mount Holly,https://maps.vcgi.vermont.gov/gisdata/vcgi/packaged_zips/CadastralParcels_VTPARCELS/VTPARCELS_Mount Holly.zip,Y,TOWN,2021-07-06,,MOUNTHOLLY,21060,5002147200,Y, ,48021.1995058614,128331978.510933
43,Mount Tabor,https://maps.vcgi.vermont.gov/gisdata/vcgi/packaged_zips/CadastralParcels_VTPARCELS/VTPARCELS_Mount Tabor.zip,Y,TOWN,2019-01-28,,MOUNTTABOR,21065,5002147425,Y, ,46642.4154646388,114599430.593309
44,Andover,https://maps.vcgi.vermont.gov/gisdata/vcgi/packaged_zips/CadastralParcels_VTPARCELS/VTPARCELS_Andover.zip,Y,TOWN,2020-11-09,Updated by VCGI using best available information.,ANDOVER,27005,5002701300,Y,http://maps.vcgi.vermont.gov/gisdata/vcgi/packaged_zips/CadastralParcels_VTPARCELS/VTPARCELS_standardized/ANDOVER/ORIG/VTPARCELS_ANDOVER_2017.zip,37746.6367084291,74881956.6371281
45,Manchester,https://maps.vcgi.vermont.gov/gisdata/vcgi/packaged_zips/CadastralParcels_VTPARCELS/VTPARCELS_Manchester.zip,Y,TOWN,2019-09-23,,MANCHESTER,3025,5000342850,Y, ,41786.6726566654,108980205.66635
46,Jamaica,https://maps.vcgi.vermont.gov/gisdata/vcgi/packaged_zips/CadastralParcels_VTPARCELS/VTPARCELS_Jamaica.zip,Y,TOWN,2020-03-04,,JAMAICA,25045,5002536175,Y,http://maps.vcgi.vermont.gov/gisdata/vcgi/packaged_zips/CadastralParcels_VTPARCELS/VTPARCELS_standardized/JAMAICA/ORIG/VTPARCELS_JAMAICA_2017.zip,45903.5575839573,128162202.323745
47,Westminster,https://maps.vcgi.vermont.gov/gisdata/vcgi/packaged_zips/CadastralParcels_VTPARCELS/VTPARCELS_Westminster.zip,Y,TOWN,2019-04-11,,WESTMINSTER,25095,5002581400,Y, ,45854.2352113827,117079654.405103
48,Sunderland,https://maps.vcgi.vermont.gov/gisdata/vcgi/packaged_zips/CadastralParcels_VTPARCELS/VTPARCELS_Sunderland.zip,Y,TOWN,2020-12-09, ,SUNDERLAND,3070,5000371425,Y,http://maps.vcgi.vermont.gov/gisdata/vcgi/packaged_zips/CadastralParcels_VTPARCELS/VTPARCELS_standardized/SUNDERLAND/ORIG/VTPARCELS_SUNDERLAND_2017.zip,43674.6981043977,117975389.5105
49,Glastenbury,https://maps.vcgi.vermont.gov/gisdata/vcgi/packaged_zips/CadastralParcels_VTPARCELS/VTPARCELS_Glastenbury.zip,Y,TOWN,2018-12-04,,GLASTENBURY,3018,5000327962,Y, ,43129.6140838026,115029772.888402
50,Somerset,https://maps.vcgi.vermont.gov/gisdata/vcgi/packaged_zips/CadastralParcels_VTPARCELS/VTPARCELS_Somerset.zip,Y,TOWN,2019-02-01,,SOMERSET,25073,5002565762,Y, ,34584.2462316822,71499466.8429762
51,Bennington,https://maps.vcgi.vermont.gov/gisdata/vcgi/packaged_zips/CadastralParcels_VTPARCELS/VTPARCELS_Bennington.zip,Y,TOWN,2018-03-23, ,BENNINGTON,3010,5000304825,Y,http://maps.vcgi.vermont.gov/gisdata/vcgi/packaged_zips/CadastralParcels_VTPARCELS/VTPARCELS_standardized/BENNINGTON/ORIG/VTPARCELS_BENNINGTON_2017.zip,42283.6005275102,109467845.2681
52,Woodford,https://maps.vcgi.vermont.gov/gisdata/vcgi/packaged_zips/CadastralParcels_VTPARCELS/VTPARCELS_Woodford.zip,Y,TOWN,2021-03-16, ,WOODFORD,3080,5000385675,Y,http://maps.vcgi.vermont.gov/gisdata/vcgi/packaged_zips/CadastralParcels_VTPARCELS/VTPARCELS_standardized/WOODFORD/ORIG/VTPARCELS_WOODFORD_2017.zip,44231.2229835678,123074056.947897
53,Whitingham,https://maps.vcgi.vermont.gov/gisdata/vcgi/packaged_zips/CadastralParcels_VTPARCELS/VTPARCELS_Whitingham.zip,Y,TOWN,2018-05-16, ,WHITINGHAM,25100,5002583950,Y,http://maps.vcgi.vermont.gov/gisdata/vcgi/packaged_zips/CadastralParcels_VTPARCELS/VTPARCELS_standardized/WHITINGHAM/ORIG/VTPARCELS_WHITINGHAM_2017.zip,40364.4743653388,101357535.610778
54,Halifax,https://maps.vcgi.vermont.gov/gisdata/vcgi/packaged_zips/CadastralParcels_VTPARCELS/VTPARCELS_Halifax.zip,Y,TOWN,2020-11-09,Updated by VCGI using best available information.,HALIFAX,25040,5002531150,Y,http://maps.vcgi.vermont.gov/gisdata/vcgi/packaged_zips/CadastralParcels_VTPARCELS/VTPARCELS_standardized/HALIFAX/ORIG/VTPARCELS_HALIFAX_2017.zip,40700.0545346854,103066245.914809
55,Guilford,https://maps.vcgi.vermont.gov/gisdata/vcgi/packaged_zips/CadastralParcels_VTPARCELS/VTPARCELS_Guilford.zip,Y,TOWN,2018-05-23, ,GUILFORD,25035,5002530925,Y,http://maps.vcgi.vermont.gov/gisdata/vcgi/packaged_zips/CadastralParcels_VTPARCELS/VTPARCELS_standardized/GUILFORD/ORIG/VTPARCELS_GUILFORD_2017.zip,40554.0896209839,102738914.33757
56,Vernon,https://maps.vcgi.vermont.gov/gisdata/vcgi/packaged_zips/CadastralParcels_VTPARCELS/VTPARCELS_Vernon.zip,Y,TOWN,2019-08-09,,VERNON,25085,5002574800,Y, ,37136.3409016226,51715973.9770591
57,Winooski,https://maps.vcgi.vermont.gov/gisdata/vcgi/packaged_zips/CadastralParcels_VTPARCELS/VTPARCELS_Winooski.zip,Y,CITY,2019-02-26,,WINOOSKI,7090,5000785150,Y, ,9386.92088971722,3811960.44185038
58,Cabot,https://maps.vcgi.vermont.gov/gisdata/vcgi/packaged_zips/CadastralParcels_VTPARCELS/VTPARCELS_Cabot.zip,Y,TOWN,2018-01-31, ,CABOT,23020,5002311125,Y,http://maps.vcgi.vermont.gov/gisdata/vcgi/packaged_zips/CadastralParcels_VTPARCELS/VTPARCELS_standardized/CABOT/ORIG/VTPARCELS_CABOT_2017.zip,41985.8830815078,99482369.3934483
59,Richmond,https://maps.vcgi.vermont.gov/gisdata/vcgi/packaged_zips/CadastralParcels_VTPARCELS/VTPARCELS_Richmond.zip,Y,TOWN,2018-05-04, ,RICHMOND,7055,5000759275,Y,http://maps.vcgi.vermont.gov/gisdata/vcgi/packaged_zips/CadastralParcels_VTPARCELS/VTPARCELS_standardized/RICHMOND/ORIG/VTPARCELS_RICHMOND_2017.zip,39106.640873497,85207499.4870641
60,Pomfret,https://maps.vcgi.vermont.gov/gisdata/vcgi/packaged_zips/CadastralParcels_VTPARCELS/VTPARCELS_Pomfret.zip,Y,TOWN,2020-01-22,,POMFRET,27065,5002756350,Y,http://maps.vcgi.vermont.gov/gisdata/vcgi/packaged_zips/CadastralParcels_VTPARCELS/VTPARCELS_standardized/POMFRET/ORIG/VTPARCELS_POMFRET_2017.zip,41299.9231305764,102443452.197871
61,Woodstock,https://maps.vcgi.vermont.gov/gisdata/vcgi/packaged_zips/CadastralParcels_VTPARCELS/VTPARCELS_Woodstock.zip,Y,TOWN,2019-04-11,,WOODSTOCK,27120,5002785975,Y, ,43855.8016191452,114829206.384283
62,Rutland City,https://maps.vcgi.vermont.gov/gisdata/vcgi/packaged_zips/CadastralParcels_VTPARCELS/VTPARCELS_Rutland City.zip,Y,CITY,2019-01-11,,RUTLANDCITY,21095,5002161225,Y, ,21547.3541202648,19862795.2908471
63,Burlington,https://maps.vcgi.vermont.gov/gisdata/vcgi/packaged_zips/CadastralParcels_VTPARCELS/VTPARCELS_Burlington.zip,Y,CITY,2018-12-28,,BURLINGTON,7015,5000710675,Y, ,37828.0749183247,39752390.1819026
64,South Burlington,https://maps.vcgi.vermont.gov/gisdata/vcgi/packaged_zips/CadastralParcels_VTPARCELS/VTPARCELS_South Burlington.zip,Y,CITY,2019-10-29,,SOUTHBURLINGTON,7070,5000766175,Y, ,68393.6336929035,79758856.2538772
65,Cavendish,https://maps.vcgi.vermont.gov/gisdata/vcgi/packaged_zips/CadastralParcels_VTPARCELS/VTPARCELS_Cavendish.zip,Y,TOWN,2018-12-20,,CAVENDISH,27030,5002712250,Y, ,40664.4218744438,102614148.016645
66,Newport City,https://maps.vcgi.vermont.gov/gisdata/vcgi/packaged_zips/CadastralParcels_VTPARCELS/VTPARCELS_Newport City.zip,Y,CITY,2020-09-05,,NEWPORTCITY,19075,5001948850,Y, ,25838.7586728833,19742345.6229779
67,Rockingham,https://maps.vcgi.vermont.gov/gisdata/vcgi/packaged_zips/CadastralParcels_VTPARCELS/VTPARCELS_Rockingham.zip,Y,TOWN,2019-04-25,,ROCKINGHAM,25070,5002560250,Y, ,46272.6887507545,109214259.716876
68,Athens,https://maps.vcgi.vermont.gov/gisdata/vcgi/packaged_zips/CadastralParcels_VTPARCELS/VTPARCELS_Athens.zip,Y,TOWN,2019-02-19,,ATHENS,25005,5002501900,Y, ,29208.2454162276,36323489.9340821
69,Warren,https://maps.vcgi.vermont.gov/gisdata/vcgi/packaged_zips/CadastralParcels_VTPARCELS/VTPARCELS_Warren.zip,Y,TOWN,2019-04-03,,WARREN,23085,5002376525,Y, ,41859.9519355987,103944760.077809
70,Whiting,https://maps.vcgi.vermont.gov/gisdata/vcgi/packaged_zips/CadastralParcels_VTPARCELS/VTPARCELS_Whiting.zip,Y,TOWN,2018-11-28,,WHITING,1115,5000183800,Y, ,27670.9296357337,35495453.8053304
71,Ira,https://maps.vcgi.vermont.gov/gisdata/vcgi/packaged_zips/CadastralParcels_VTPARCELS/VTPARCELS_Ira.zip,Y,TOWN,2021-05-21,,IRA,21045,5002135425,Y, ,39941.2886186207,57676859.1613177
72,Mendon,https://maps.vcgi.vermont.gov/gisdata/vcgi/packaged_zips/CadastralParcels_VTPARCELS/VTPARCELS_Mendon.zip,Y,TOWN,2020-08-10,,MENDON,21050,5002144125,Y,http://maps.vcgi.vermont.gov/gisdata/vcgi/packaged_zips/CadastralParcels_VTPARCELS/VTPARCELS_standardized/MENDON/ORIG/VTPARCELS_MENDON_2017.zip,53538.7568665379,98443721.1398664
73,Norwich,https://maps.vcgi.vermont.gov/gisdata/vcgi/packaged_zips/CadastralParcels_VTPARCELS/VTPARCELS_Norwich.zip,Y,TOWN,2021-07-08,,NORWICH,27055,5002752900,Y, ,46106.0805399852,115819850.929394
74,Braintree,https://maps.vcgi.vermont.gov/gisdata/vcgi/packaged_zips/CadastralParcels_VTPARCELS/VTPARCELS_Braintree.zip,Y,TOWN,2021-07-12,,BRAINTREE,17010,5001707600,Y, ,41523.1007686,99837216.9231595
75,Northfield,https://maps.vcgi.vermont.gov/gisdata/vcgi/packaged_zips/CadastralParcels_VTPARCELS/VTPARCELS_Northfield.zip,Y,TOWN,2021-07-13,,NORTHFIELD,23065,5002350275,Y, ,47045.4942193625,115909985.86849
76,Springfield,https://maps.vcgi.vermont.gov/gisdata/vcgi/packaged_zips/CadastralParcels_VTPARCELS/VTPARCELS_Springfield.zip,Y,TOWN,2021-07-20,,SPRINGFIELD,27090,5002769550,Y, ,46310.5959714305,128424294.837294
77,Morgan,https://maps.vcgi.vermont.gov/gisdata/vcgi/packaged_zips/CadastralParcels_VTPARCELS/VTPARCELS_Morgan.zip,Y,TOWN,2021-07-21,,MORGAN,19070,5001946450,Y, ,45378.2966216773,88380777.8185997
78,Middletown Springs,https://maps.vcgi.vermont.gov/gisdata/vcgi/packaged_zips/CadastralParcels_VTPARCELS/VTPARCELS_Middletown Springs.zip,Y,TOWN,2021-07-23,,MIDDLETOWNSPRINGS,21055,5002144800,Y, ,31619.7476195097,58813219.2340992
79,Charleston,https://maps.vcgi.vermont.gov/gisdata/vcgi/packaged_zips/CadastralParcels_VTPARCELS/VTPARCELS_Charleston.zip,Y,TOWN,2021-08-03, ,CHARLESTON,19020,5001913150,Y,http://maps.vcgi.vermont.gov/gisdata/vcgi/packaged_zips/CadastralParcels_VTPARCELS/VTPARCELS_standardized/CHARLESTON/ORIG/VTPARCELS_CHARLESTON_2017.zip,42716.5005520977,99805182.5660495
80,Concord,https://maps.vcgi.vermont.gov/gisdata/vcgi/packaged_zips/CadastralParcels_VTPARCELS/VTPARCELS_Concord.zip,Y,TOWN,2021-08-20,,CONCORD,9035,5000915250,Y, ,53349.911227658,138369930.169542
81,Marshfield,https://maps.vcgi.vermont.gov/gisdata/vcgi/packaged_zips/CadastralParcels_VTPARCELS/VTPARCELS_Marshfield.zip,Y,TOWN,2021-08-23, ,MARSHFIELD,23045,5002343600,Y, ,44445.5993307833,113239389.222099
82,Danville,https://maps.vcgi.vermont.gov/gisdata/vcgi/packaged_zips/CadastralParcels_VTPARCELS/VTPARCELS_Danville.zip,Y,TOWN,2021-10-11,,DANVILLE,5015,5000517125,Y, ,55751.5057804476,158049710.808211
83,Hinesburg,https://maps.vcgi.vermont.gov/gisdata/vcgi/packaged_zips/CadastralParcels_VTPARCELS/VTPARCELS_Hinesburg.zip,Y,TOWN,2021-06-25,,HINESBURG,7035,5000733475,Y, ,41481.0571503043,102784373.064256
84,Londonderry,https://maps.vcgi.vermont.gov/gisdata/vcgi/packaged_zips/CadastralParcels_VTPARCELS/VTPARCELS_Londonderry.zip,Y,TOWN,2021-10-22, ,LONDONDERRY,25050,5002540225,Y,http://maps.vcgi.vermont.gov/gisdata/vcgi/packaged_zips/CadastralParcels_VTPARCELS/VTPARCELS_standardized/LONDONDERRY/ORIG/VTPARCELS_LONDONDERRY_2017.zip,41975.7794991066,93149632.5081106
85,West Rutland,https://maps.vcgi.vermont.gov/gisdata/vcgi/packaged_zips/CadastralParcels_VTPARCELS/VTPARCELS_West Rutland.zip,Y,TOWN,2021-10-25,,WESTRUTLAND,21140,5002182300,Y, ,34698.7234863098,46826498.0371059
86,Proctor,https://maps.vcgi.vermont.gov/gisdata/vcgi/packaged_zips/CadastralParcels_VTPARCELS/VTPARCELS_Proctor.zip,Y,TOWN,2021-11-16,,PROCTOR,21090,5002157250,Y, ,32988.0863425091,19627122.6255719
87,Cambridge,https://maps.vcgi.vermont.gov/gisdata/vcgi/packaged_zips/CadastralParcels_VTPARCELS/VTPARCELS_Cambridge.zip,Y,TOWN,2021-11-18,,CAMBRIDGE,15010,5001511500,Y, ,56100.8849039396,164353908.206449
88,Holland,https://maps.vcgi.vermont.gov/gisdata/vcgi/packaged_zips/CadastralParcels_VTPARCELS/VTPARCELS_Holland.zip,Y,TOWN,2021-11-23,,HOLLAND,19050,5001933775,Y, ,40818.3625744261,100189636.161986
89,Saint George,https://maps.vcgi.vermont.gov/gisdata/vcgi/packaged_zips/CadastralParcels_VTPARCELS/VTPARCELS_Saint George.zip,Y,TOWN,2021-10-12,Updated by VCGI using best available information.,STGEORGE,7060,5000762050,Y, ,13449.8542624122,9515384.07114937
90,Newark,https://maps.vcgi.vermont.gov/gisdata/vcgi/packaged_zips/CadastralParcels_VTPARCELS/VTPARCELS_Newark.zip,Y,TOWN,2021-08-31,,NEWARK,5040,5000547725,Y,http://maps.vcgi.vermont.gov/gisdata/vcgi/packaged_zips/CadastralParcels_VTPARCELS/VTPARCELS_standardized/NEWARK/ORIG/VTPARCELS_NEWARK_2017.zip,39280.8039786093,96449475.5526031
91,South Hero,https://maps.vcgi.vermont.gov/gisdata/vcgi/packaged_zips/CadastralParcels_VTPARCELS/VTPARCELS_South Hero.zip,Y,TOWN,2021-12-14, ,SOUTHHERO,13025,5001367000,Y,http://maps.vcgi.vermont.gov/gisdata/vcgi/packaged_zips/CadastralParcels_VTPARCELS/VTPARCELS_standardized/SOUTHHERO/ORIG/VTPARCELS_SOUTHHERO_2017.zip,45962.9917005985,120234066.779047
92,Lunenburg,https://maps.vcgi.vermont.gov/gisdata/vcgi/packaged_zips/CadastralParcels_VTPARCELS/VTPARCELS_Lunenburg.zip,Y,TOWN,2021-09-02,Updated by VCGI using best available information.,LUNENBURG,9070,5000941425,Y, ,50989.8080165709,117730306.93237
93,Hyde Park,https://maps.vcgi.vermont.gov/gisdata/vcgi/packaged_zips/CadastralParcels_VTPARCELS/VTPARCELS_Hyde Park.zip,Y,TOWN,2021-08-25,,HYDEPARK,15025,5001535050,Y, ,43667.1528831227,101059618.351637
94,East Montpelier,https://maps.vcgi.vermont.gov/gisdata/vcgi/packaged_zips/CadastralParcels_VTPARCELS/VTPARCELS_East Montpelier.zip,Y,TOWN,2021-08-31,,EASTMONTPELIER,23035,5002321925,Y, ,40210.7777098307,82888349.1664588
95,Roxbury,https://maps.vcgi.vermont.gov/gisdata/vcgi/packaged_zips/CadastralParcels_VTPARCELS/VTPARCELS_Roxbury.zip,Y,TOWN,2021-09-02,,ROXBURY,23075,5002360625,Y,http://maps.vcgi.vermont.gov/gisdata/vcgi/packaged_zips/CadastralParcels_VTPARCELS/VTPARCELS_standardized/ROXBURY/ORIG/VTPARCELS_ROXBURY_2017.zip,41910.2249358494,108124978.35502
96,Hubbardton,https://maps.vcgi.vermont.gov/gisdata/vcgi/packaged_zips/CadastralParcels_VTPARCELS/VTPARCELS_Hubbardton.zip,Y,TOWN,2021-09-03, ,HUBBARDTON,21040,5002134450,Y,http://maps.vcgi.vermont.gov/gisdata/vcgi/packaged_zips/CadastralParcels_VTPARCELS/VTPARCELS_standardized/HUBBARDTON/ORIG/VTPARCELS_HUBBARDTON_2017.zip,34836.6618667495,74037624.5857034
97,Wells,https://maps.vcgi.vermont.gov/gisdata/vcgi/packaged_zips/CadastralParcels_VTPARCELS/VTPARCELS_Wells.zip,Y,TOWN,2021-08-31,,WELLS,21130,5002177950,Y, ,31559.9338352728,60104286.0953525
98,Readsboro,https://maps.vcgi.vermont.gov/gisdata/vcgi/packaged_zips/CadastralParcels_VTPARCELS/VTPARCELS_Readsboro.zip,Y,TOWN,2021-12-03, ,READSBORO,3040,5000358600,Y,http://maps.vcgi.vermont.gov/gisdata/vcgi/packaged_zips/CadastralParcels_VTPARCELS/VTPARCELS_standardized/READSBORO/ORIG/VTPARCELS_READSBORO_2017.zip,40554.8021707193,93968849.4584734
99,Eden,https://maps.vcgi.vermont.gov/gisdata/vcgi/packaged_zips/CadastralParcels_VTPARCELS/VTPARCELS_Eden.zip,Y,TOWN,2021-08-31,,EDEN,15015,5001523500,Y, ,53912.6907536475,165499436.908696
100,Shaftsbury,https://maps.vcgi.vermont.gov/gisdata/vcgi/packaged_zips/CadastralParcels_VTPARCELS/VTPARCELS_Shaftsbury.zip,Y,TOWN,2021-08-24,,SHAFTSBURY,3060,5000363550,Y, ,42249.2060326641,111541317.261698
101,New Haven,https://maps.vcgi.vermont.gov/gisdata/vcgi/packaged_zips/CadastralParcels_VTPARCELS/VTPARCELS_New Haven.zip,Y,TOWN,2021-12-20,,NEWHAVEN,1065,5000148700,Y, ,52068.2035133541,107484465.492845
102,Lincoln,https://maps.vcgi.vermont.gov/gisdata/vcgi/packaged_zips/CadastralParcels_VTPARCELS/VTPARCELS_Lincoln.zip,Y,TOWN,2021-12-20,,LINCOLN,1050,5000140075,Y, ,47935.5114153004,118620948.000003
103,Fletcher,https://maps.vcgi.vermont.gov/gisdata/vcgi/packaged_zips/CadastralParcels_VTPARCELS/VTPARCELS_Fletcher.zip,Y,TOWN,2021-12-21, ,FLETCHER,11035,5001126500,Y,http://maps.vcgi.vermont.gov/gisdata/vcgi/packaged_zips/CadastralParcels_VTPARCELS/VTPARCELS_standardized/FLETCHER/ORIG/VTPARCELS_FLETCHER_2017.zip,51334.1535417697,99950023.3753038
104,Strafford,https://maps.vcgi.vermont.gov/gisdata/vcgi/packaged_zips/CadastralParcels_VTPARCELS/VTPARCELS_Strafford.zip,Y,TOWN,2021-12-21,,STRAFFORD,17050,5001770675,Y, ,43607.8194366539,114637747.456901
105,Clarendon,https://maps.vcgi.vermont.gov/gisdata/vcgi/packaged_zips/CadastralParcels_VTPARCELS/VTPARCELS_Clarendon.zip,Y,TOWN,2021-12-22,,CLARENDON,21025,5002114500,Y, ,38769.0904780438,81592760.5259225
106,Barre Town,https://maps.vcgi.vermont.gov/gisdata/vcgi/packaged_zips/CadastralParcels_VTPARCELS/VTPARCELS_Barre Town.zip,Y,TOWN,2021-12-30,,BARRETOWN,23010,5002303250,Y, ,52735.1972482965,79590215.765286
107,Newfane,https://maps.vcgi.vermont.gov/gisdata/vcgi/packaged_zips/CadastralParcels_VTPARCELS/VTPARCELS_Newfane.zip,Y,TOWN,2022-01-03,,NEWFANE,25060,5002548400,Y, ,43004.5544413004,103661069.192451
108,Hardwick,https://maps.vcgi.vermont.gov/gisdata/vcgi/packaged_zips/CadastralParcels_VTPARCELS/VTPARCELS_Hardwick.zip,Y,TOWN,2022-01-04,,HARDWICK,5025,5000531825,Y, ,40120.6502030037,100122404.06215
109,Tinmouth,https://maps.vcgi.vermont.gov/gisdata/vcgi/packaged_zips/CadastralParcels_VTPARCELS/VTPARCELS_Tinmouth.zip,Y,TOWN,2022-01-03,,TINMOUTH,21120,5002172925,Y, ,37117.6991939307,74478881.8545482
110,Williston,https://maps.vcgi.vermont.gov/gisdata/vcgi/packaged_zips/CadastralParcels_VTPARCELS/VTPARCELS_Williston.zip,Y,TOWN,2022-01-11, ,WILLISTON,7085,5000784475,Y,http://maps.vcgi.vermont.gov/gisdata/vcgi/packaged_zips/CadastralParcels_VTPARCELS/VTPARCELS_standardized/WILLISTON/ORIG/VTPARCELS_WILLISTON_2017.zip,47320.5750111724,80364394.1716633
111,Addison,https://maps.vcgi.vermont.gov/gisdata/vcgi/packaged_zips/CadastralParcels_VTPARCELS/VTPARCELS_Addison.zip,Y,TOWN,2022-01-20,,ADDISON,1005,5000100325,Y, ,48458.6098839907,126776511.635248
112,Lyndon,https://maps.vcgi.vermont.gov/gisdata/vcgi/packaged_zips/CadastralParcels_VTPARCELS/VTPARCELS_Lyndon.zip,Y,TOWN,2022-01-24,,LYNDON,5035,5000541725,Y, ,40506.0411328408,102812107.532197
113,Huntington,https://maps.vcgi.vermont.gov/gisdata/vcgi/packaged_zips/CadastralParcels_VTPARCELS/VTPARCELS_Huntington.zip,Y,TOWN,2022-01-26,,HUNTINGTON,7040,5000734600,Y, ,46947.9960419416,99255522.862599
114,Calais,https://maps.vcgi.vermont.gov/gisdata/vcgi/packaged_zips/CadastralParcels_VTPARCELS/VTPARCELS_Calais.zip,Y,TOWN,2022-01-28,,CALAIS,23025,5002311350,Y, ,40239.3348168973,99841774.8257503
115,Benson,https://maps.vcgi.vermont.gov/gisdata/vcgi/packaged_zips/CadastralParcels_VTPARCELS/VTPARCELS_Benson.zip,Y,TOWN,2022-02-01, ,BENSON,21005,5002105200,Y,http://maps.vcgi.vermont.gov/gisdata/vcgi/packaged_zips/CadastralParcels_VTPARCELS/VTPARCELS_standardized/BENSON/ORIG/VTPARCELS_BENSON_2017.zip,45082.105656727,117483497.5138
116,Chittenden,https://maps.vcgi.vermont.gov/gisdata/vcgi/packaged_zips/CadastralParcels_VTPARCELS/VTPARCELS_Chittenden.zip,Y,TOWN,2022-02-17,,CHITTENDEN,21020,5002114350,Y, ,57800.323257728,191537530.154357
117,Moretown,https://maps.vcgi.vermont.gov/gisdata/vcgi/packaged_zips/CadastralParcels_VTPARCELS/VTPARCELS_Moretown.zip,Y,TOWN,2022-02-22,,MORETOWN,23060,5002346225,Y, ,43633.9160270211,103773926.273384
118,Maidstone,https://maps.vcgi.vermont.gov/gisdata/vcgi/packaged_zips/CadastralParcels_VTPARCELS/VTPARCELS_Maidstone.zip,Y,TOWN,2022-02-28,,MAIDSTONE,9075,5000942475,Y, ,58441.6816978875,83104446.6160701
119,Burke,https://maps.vcgi.vermont.gov/gisdata/vcgi/packaged_zips/CadastralParcels_VTPARCELS/VTPARCELS_Burke.zip,Y,TOWN,2022-03-04, ,BURKE,5010,5000510450,Y, ,40471.9286560914,87283786.42686
120,Fair Haven,https://maps.vcgi.vermont.gov/gisdata/vcgi/packaged_zips/CadastralParcels_VTPARCELS/VTPARCELS_Fair Haven.zip,Y,TOWN,2022-03-08,,FAIRHAVEN,21035,5002125375,Y, ,37027.3392021278,47170340.2949738
121,Grafton,https://maps.vcgi.vermont.gov/gisdata/vcgi/packaged_zips/CadastralParcels_VTPARCELS/VTPARCELS_Grafton.zip,Y,TOWN,2022-03-08,,GRAFTON,25030,5002528900,Y, ,42775.4986091222,99033435.8044843
122,Guildhall,https://maps.vcgi.vermont.gov/gisdata/vcgi/packaged_zips/CadastralParcels_VTPARCELS/VTPARCELS_Guildhall.zip,Y,TOWN,2022-03-10,,GUILDHALL,9055,5000930775,Y, ,46527.8915552589,85355022.25806
123,Dorset,https://maps.vcgi.vermont.gov/gisdata/vcgi/packaged_zips/CadastralParcels_VTPARCELS/VTPARCELS_Dorset.zip,Y,TOWN,2022-03-10, ,DORSET,3015,5000317725,Y, ,45443.722845691,123025408.021941
124,Pownal,https://maps.vcgi.vermont.gov/gisdata/vcgi/packaged_zips/CadastralParcels_VTPARCELS/VTPARCELS_Pownal.zip,Y,TOWN,2022-03-11, ,POWNAL,3035,5000357025,Y, ,44102.2849511115,121803046.163687
125,Leicester,https://maps.vcgi.vermont.gov/gisdata/vcgi/packaged_zips/CadastralParcels_VTPARCELS/VTPARCELS_Leicester.zip,Y,TOWN,2022-03-11,,LEICESTER,1045,5000139325,Y,,32704.4625400459,56385095.817879
126,Landgrove,https://maps.vcgi.vermont.gov/gisdata/vcgi/packaged_zips/CadastralParcels_VTPARCELS/VTPARCELS_Landgrove.zip,Y,TOWN,2022-03-15, ,LANDGROVE,3020,5000339025,Y,http://maps.vcgi.vermont.gov/gisdata/vcgi/packaged_zips/CadastralParcels_VTPARCELS/VTPARCELS_standardized/LANDGROVE/ORIG/VTPARCELS_LANDGROVE_2017.zip,28795.9017203891,23036308.5829522
127,Pittsford,https://maps.vcgi.vermont.gov/gisdata/vcgi/packaged_zips/CadastralParcels_VTPARCELS/VTPARCELS_Pittsford.zip,Y,TOWN,2022-03-21,,PITTSFORD,21080,5002155600,Y, ,53488.4138148685,112789580.962998
128,Cornwall,https://maps.vcgi.vermont.gov/gisdata/vcgi/packaged_zips/CadastralParcels_VTPARCELS/VTPARCELS_Cornwall.zip,Y,TOWN,2022-03-22,,CORNWALL,1020,5000116000,Y, ,36536.6589430596,74424823.2655495
129,Weathersfield,https://maps.vcgi.vermont.gov/gisdata/vcgi/packaged_zips/CadastralParcels_VTPARCELS/VTPARCELS_Weathersfield.zip,Y,TOWN,2022-03-22, ,WEATHERSFIELD,27100,5002777500,Y,http://maps.vcgi.vermont.gov/gisdata/vcgi/packaged_zips/CadastralParcels_VTPARCELS/VTPARCELS_standardized/WEATHERSFIELD/ORIG/VTPARCELS_WEATHERSFIELD_2017.zip,45728.5413151384,114037542.244695
130,Ripton,https://maps.vcgi.vermont.gov/gisdata/vcgi/packaged_zips/CadastralParcels_VTPARCELS/VTPARCELS_Ripton.zip,Y,TOWN,2022-03-25,,RIPTON,1080,5000159650,Y,http://maps.vcgi.vermont.gov/gisdata/vcgi/packaged_zips/CadastralParcels_VTPARCELS/VTPARCELS_standardized/RIPTON/ORIG/VTPARCELS_RIPTON_2017.zip,51331.0559684684,128063252.255251
131,Barton,https://maps.vcgi.vermont.gov/gisdata/vcgi/packaged_zips/CadastralParcels_VTPARCELS/VTPARCELS_Barton.zip,Y,TOWN,2022-04-01,,BARTON,19010,5001903550,Y, ,47446.338814174,114883657.138604
132,Charlotte,https://maps.vcgi.vermont.gov/gisdata/vcgi/packaged_zips/CadastralParcels_VTPARCELS/VTPARCELS_Charlotte.zip,Y,TOWN,2022-04-05, ,CHARLOTTE,7020,5000713300,Y,http://maps.vcgi.vermont.gov/gisdata/vcgi/packaged_zips/CadastralParcels_VTPARCELS/VTPARCELS_standardized/CHARLOTTE/ORIG/VTPARCELS_CHARLOTTE_2017.zip,45660.6205445393,130472780.536451
133,Winhall,https://maps.vcgi.vermont.gov/gisdata/vcgi/packaged_zips/CadastralParcels_VTPARCELS/VTPARCELS_Winhall.zip,Y,TOWN,2022-04-05,,WINHALL,3075,5000385075,Y, ,43660.1661393592,115314815.931851
134,Ferrisburgh,https://maps.vcgi.vermont.gov/gisdata/vcgi/packaged_zips/CadastralParcels_VTPARCELS/VTPARCELS_Ferrisburgh.zip,Y,TOWN,2022-04-07,,FERRISBURGH,1025,5000126300,Y, ,59759.2896768457,158603750.103998
135,West Windsor,https://maps.vcgi.vermont.gov/gisdata/vcgi/packaged_zips/CadastralParcels_VTPARCELS/VTPARCELS_West Windsor.zip,Y,TOWN,2022-04-07, ,WESTWINDSOR,27110,5002783050,Y,http://maps.vcgi.vermont.gov/gisdata/vcgi/packaged_zips/CadastralParcels_VTPARCELS/VTPARCELS_standardized/WESTWINDSOR/ORIG/VTPARCELS_WESTWINDSOR_2017.zip,32977.0292787428,64258143.3442964
136,Searsburg,https://maps.vcgi.vermont.gov/gisdata/vcgi/packaged_zips/CadastralParcels_VTPARCELS/VTPARCELS_Searsburg.zip,Y,TOWN,2022-04-08,,SEARSBURG,3055,5000363175,Y,http://maps.vcgi.vermont.gov/gisdata/vcgi/packaged_zips/CadastralParcels_VTPARCELS/VTPARCELS_standardized/SEARSBURG/ORIG/VTPARCELS_SEARSBURG_2017.zip,29679.7683143048,55450992.7750474
137,Coventry,https://maps.vcgi.vermont.gov/gisdata/vcgi/packaged_zips/CadastralParcels_VTPARCELS/VTPARCELS_Coventry.zip,Y,TOWN,2022-04-08,,COVENTRY,19025,5001916150,Y, ,34357.9442077851,72029981.8581858
138,Berkshire,https://maps.vcgi.vermont.gov/gisdata/vcgi/packaged_zips/CadastralParcels_VTPARCELS/VTPARCELS_Berkshire.zip,Y,TOWN,2022-04-08,,BERKSHIRE,11015,5001105425,Y, ,42302.4943519541,108545763.705772
139,Rochester,https://maps.vcgi.vermont.gov/gisdata/vcgi/packaged_zips/CadastralParcels_VTPARCELS/VTPARCELS_Rochester.zip,Y,TOWN,2021-07-09, ,ROCHESTER,27075,5002760100,Y,http://maps.vcgi.vermont.gov/gisdata/vcgi/packaged_zips/CadastralParcels_VTPARCELS/VTPARCELS_standardized/ROCHESTER/ORIG/VTPARCELS_ROCHESTER_2017.zip,81013.3363877854,148013539.223395
140,Peru,https://maps.vcgi.vermont.gov/gisdata/vcgi/packaged_zips/CadastralParcels_VTPARCELS/VTPARCELS_Peru.zip,Y,TOWN,2021-09-02,Updated by VCGI using best available information.,PERU,3030,5000355000,Y, ,39582.5210457291,97088203.4673481
141,Ludlow,https://maps.vcgi.vermont.gov/gisdata/vcgi/packaged_zips/CadastralParcels_VTPARCELS/VTPARCELS_Ludlow.zip,Y,TOWN,2021-06-17,,LUDLOW,27050,5002741275,Y, ,42206.4291298735,91365984.862705
142,Bakersfield,https://maps.vcgi.vermont.gov/gisdata/vcgi/packaged_zips/CadastralParcels_VTPARCELS/VTPARCELS_Bakersfield.zip,Y,TOWN,2021-04-21,Updated by VCGI using best available information.,BAKERSFIELD,11010,5001102500,Y, ,50169.371864548,109203744.177726
143,Salisbury,https://maps.vcgi.vermont.gov/gisdata/vcgi/packaged_zips/CadastralParcels_VTPARCELS/VTPARCELS_Salisbury.zip,Y,TOWN,2022-04-26,Updated by VCGI using best available information,SALISBURY,1085,5000162575,Y, ,38473.9845676469,77952186.1988562
144,Barnard,https://maps.vcgi.vermont.gov/gisdata/vcgi/packaged_zips/CadastralParcels_VTPARCELS/VTPARCELS_Barnard.zip,Y,TOWN,2022-04-29,,BARNARD,27015,5002702725,Y, ,44904.8939129784,125012343.400658
145,Chelsea,https://maps.vcgi.vermont.gov/gisdata/vcgi/packaged_zips/CadastralParcels_VTPARCELS/VTPARCELS_Chelsea.zip,Y,TOWN,2022-05-04,,CHELSEA,17020,5001713525,Y,http://maps.vcgi.vermont.gov/gisdata/vcgi/packaged_zips/CadastralParcels_VTPARCELS/VTPARCELS_standardized/CHELSEA/ORIG/VTPARCELS_CHELSEA_2017.zip,43889.9783909026,103821733.666203
146,Richford,https://maps.vcgi.vermont.gov/gisdata/vcgi/packaged_zips/CadastralParcels_VTPARCELS/VTPARCELS_Richford.zip,Y,TOWN,2022-05-05,,RICHFORD,11060,5001159125,Y, ,42398.6239874231,111897346.542775
147,Brookfield,https://maps.vcgi.vermont.gov/gisdata/vcgi/packaged_zips/CadastralParcels_VTPARCELS/VTPARCELS_Brookfield.zip,Y,TOWN,2022-05-18,,BROOKFIELD,17015,5001709325,Y, ,43324.4824253053,106819872.985711
148,Morristown,https://maps.vcgi.vermont.gov/gisdata/vcgi/packaged_zips/CadastralParcels_VTPARCELS/VTPARCELS_Morristown.zip,Y,TOWN,2022-05-20,,MORRISTOWN,15035,5001546675,Y, ,59975.0106858088,132851054.711366
149,Baltimore,https://maps.vcgi.vermont.gov/gisdata/vcgi/packaged_zips/CadastralParcels_VTPARCELS/VTPARCELS_Baltimore.zip,Y,TOWN,2022-05-24,Updated by VCGI using best available information.,BALTIMORE,27011,5002702575,Y, ,15861.0995781159,12336838.3225005
150,Pawlet,https://maps.vcgi.vermont.gov/gisdata/vcgi/packaged_zips/CadastralParcels_VTPARCELS/VTPARCELS_Pawlet.zip,Y,TOWN,2022-05-24,,PAWLET,21070,5002154250,Y, ,42319.846076733,111447198.813831
151,Newbury,https://maps.vcgi.vermont.gov/gisdata/vcgi/packaged_zips/CadastralParcels_VTPARCELS/VTPARCELS_Newbury.zip,Y,TOWN,2022-05-26,,NEWBURY,17035,5001748175,Y, ,60659.3723212924,166981837.015858
152,Sutton,https://maps.vcgi.vermont.gov/gisdata/vcgi/packaged_zips/CadastralParcels_VTPARCELS/VTPARCELS_Sutton.zip,Y,TOWN,2022-06-01,Updated by VCGI using best available information.,SUTTON,5070,5000571575,Y, ,45892.7051695575,99686312.218249
153,Johnson,https://maps.vcgi.vermont.gov/gisdata/vcgi/packaged_zips/CadastralParcels_VTPARCELS/VTPARCELS_Johnson.zip,Y,TOWN,2022-06-01,,JOHNSON,15030,5001537075,Y, ,47120.2864512387,118351877.6934
154,Stannard,https://maps.vcgi.vermont.gov/gisdata/vcgi/packaged_zips/CadastralParcels_VTPARCELS/VTPARCELS_Stannard.zip,Y,TOWN,2022-06-02,Updated by VCGI using best available information,STANNARD,5065,5000569925,Y, ,26869.9951514311,32964996.1581058
155,Sheldon,https://maps.vcgi.vermont.gov/gisdata/vcgi/packaged_zips/CadastralParcels_VTPARCELS/VTPARCELS_Sheldon.zip,Y,TOWN,2022-06-08,Updated by VCGI using best available information.,SHELDON,11075,5001164600,Y, ,45704.0520423855,101871017.885862
156,Norton,https://maps.vcgi.vermont.gov/gisdata/vcgi/packaged_zips/CadastralParcels_VTPARCELS/VTPARCELS_Norton.zip,Y,TOWN,2022-06-10,Updated by VCGI using best available information.,NORTON,9080,5000952750,Y, ,43902.6791017736,100482148.053453
157,Randolph,https://maps.vcgi.vermont.gov/gisdata/vcgi/packaged_zips/CadastralParcels_VTPARCELS/VTPARCELS_Randolph.zip,Y,TOWN,2022-06-13,,RANDOLPH,17045,5001758075,Y, ,44983.146023491,124627916.898099
158,Hartford,https://maps.vcgi.vermont.gov/gisdata/vcgi/packaged_zips/CadastralParcels_VTPARCELS/VTPARCELS_Hartford.zip,Y,TOWN,2022-06-14,,HARTFORD,27040,5002732275,Y, ,45372.1502997514,119086944.195147
159,Waterville,https://maps.vcgi.vermont.gov/gisdata/vcgi/packaged_zips/CadastralParcels_VTPARCELS/VTPARCELS_Waterville.zip,Y,TOWN,2022-06-14,,WATERVILLE,15045,5001577425,Y, ,30691.0616043025,40734143.4255503
160,Windsor,https://maps.vcgi.vermont.gov/gisdata/vcgi/packaged_zips/CadastralParcels_VTPARCELS/VTPARCELS_Windsor.zip,Y,TOWN,2022-06-16,,WINDSOR,27115,5002784925,Y, ,30378.7012046337,50822641.1287751
161,Panton,https://maps.vcgi.vermont.gov/gisdata/vcgi/packaged_zips/CadastralParcels_VTPARCELS/VTPARCELS_Panton.zip,Y,TOWN,2022-06-16,,PANTON,1075,5000153950,Y, ,35471.7795493426,57071356.9927
162,Ryegate,https://maps.vcgi.vermont.gov/gisdata/vcgi/packaged_zips/CadastralParcels_VTPARCELS/VTPARCELS_Ryegate.zip,Y,TOWN,2022-06-20,,RYEGATE,5050,5000561525,Y, ,44427.7891486142,95360267.6905338
163,Swanton,https://maps.vcgi.vermont.gov/gisdata/vcgi/packaged_zips/CadastralParcels_VTPARCELS/VTPARCELS_Swanton.zip,Y,TOWN,2022-06-22,,SWANTON,11080,5001171725,Y,http://maps.vcgi.vermont.gov/gisdata/vcgi/packaged_zips/CadastralParcels_VTPARCELS/VTPARCELS_standardized/SWANTON/ORIG/VTPARCELS_SWANTON_2017.zip,68129.6949817438,159762215.731448
164,Saint Albans Town,https://maps.vcgi.vermont.gov/gisdata/vcgi/packaged_zips/CadastralParcels_VTPARCELS/VTPARCELS_Saint Albans Town.zip,Y,TOWN,2022-06-07, ,STALBANSTOWN,11070,5001161750,Y,http://maps.vcgi.vermont.gov/gisdata/vcgi/packaged_zips/CadastralParcels_VTPARCELS/VTPARCELS_standardized/STALBANSTOWN/ORIG/VTPARCELS_STALBANSTOWN_2017.zip,78110.052774468,157570580.247213
165,Stratton,https://maps.vcgi.vermont.gov/gisdata/vcgi/packaged_zips/CadastralParcels_VTPARCELS/VTPARCELS_Stratton.zip,Y,TOWN,2022-06-22,,STRATTON,25075,5002570750,Y, ,48119.8047296023,121099401.269472
166,Newport Town,https://maps.vcgi.vermont.gov/gisdata/vcgi/packaged_zips/CadastralParcels_VTPARCELS/VTPARCELS_Newport Town.zip,Y,TOWN,2022-06-27,,NEWPORTTOWN,19080,5001948925,Y, ,52789.3279901852,112732755.841469
167,Isle La Motte,https://maps.vcgi.vermont.gov/gisdata/vcgi/packaged_zips/CadastralParcels_VTPARCELS/VTPARCELS_Isle La Motte.zip,Y,TOWN,2022-06-28,,ISLELAMOTTE,13015,5001335875,Y, ,37271.887998088,47763644.1428996
168,Williamstown,https://maps.vcgi.vermont.gov/gisdata/vcgi/packaged_zips/CadastralParcels_VTPARCELS/VTPARCELS_Williamstown.zip,Y,TOWN,2022-06-28,,WILLIAMSTOWN,17085,5001784175,Y, ,41500.7968259785,104530695.497225
169,Elmore,https://maps.vcgi.vermont.gov/gisdata/vcgi/packaged_zips/CadastralParcels_VTPARCELS/VTPARCELS_Elmore.zip,Y,TOWN,2022-06-29,,ELMORE,15020,5001523725,Y, ,40653.7544435363,102301502.821451
170,Putney,https://maps.vcgi.vermont.gov/gisdata/vcgi/packaged_zips/CadastralParcels_VTPARCELS/VTPARCELS_Putney.zip,Y,TOWN,2022-06-30,,PUTNEY,25065,5002557700,Y,http://maps.vcgi.vermont.gov/gisdata/vcgi/packaged_zips/CadastralParcels_VTPARCELS/VTPARCELS_standardized/PUTNEY/ORIG/VTPARCELS_PUTNEY_2017.zip,36879.3593562977,69142192.8334094
171,Grand Isle,https://maps.vcgi.vermont.gov/gisdata/vcgi/packaged_zips/CadastralParcels_VTPARCELS/VTPARCELS_Grand Isle.zip,Y,TOWN,2022-06-30,,GRANDISLE,13010,5001329275,Y, ,42391.9896278775,90668008.9541537
172,Barnet,https://maps.vcgi.vermont.gov/gisdata/vcgi/packaged_zips/CadastralParcels_VTPARCELS/VTPARCELS_Barnet.zip,Y,TOWN,2022-07-01,,BARNET,5005,5000502875,Y, ,52090.1798975407,112812207.677793
173,Topsham,https://maps.vcgi.vermont.gov/gisdata/vcgi/packaged_zips/CadastralParcels_VTPARCELS/VTPARCELS_Topsham.zip,Y,TOWN,2022-07-05, ,TOPSHAM,17060,5001773075,Y,http://maps.vcgi.vermont.gov/gisdata/vcgi/packaged_zips/CadastralParcels_VTPARCELS/VTPARCELS_standardized/TOPSHAM/ORIG/VTPARCELS_TOPSHAM_2017.zip,45763.9496365041,126946315.783101
174,Killington,https://maps.vcgi.vermont.gov/gisdata/vcgi/packaged_zips/CadastralParcels_VTPARCELS/VTPARCELS_Killington.zip,Y,TOWN,2022-07-05,,KILLINGTON,21047,5002137685,Y, ,50594.6219584116,123268045.72784
175,Victory,https://maps.vcgi.vermont.gov/gisdata/vcgi/packaged_zips/CadastralParcels_VTPARCELS/VTPARCELS_Victory.zip,Y,TOWN,2022-07-06,Updated by VCGI using best available information.,VICTORY,9085,5000975175,Y, ,43206.5932429647,111578210.43225
176,Lemington,https://maps.vcgi.vermont.gov/gisdata/vcgi/packaged_zips/CadastralParcels_VTPARCELS/VTPARCELS_Lemington.zip,Y,TOWN,2022-04-18,Updated by VCGI using best available information,LEMINGTON,9060,5000939700,Y, ,43895.0669287328,91740325.6951084
177,Stockbridge,https://maps.vcgi.vermont.gov/gisdata/vcgi/packaged_zips/CadastralParcels_VTPARCELS/VTPARCELS_Stockbridge.zip,Y,TOWN,2022-05-12,Updated by VCGI using best available information,STOCKBRIDGE,27095,5002770375,Y, ,48331.6175167215,119263837.005164
178,Buels Gore,https://maps.vcgi.vermont.gov/gisdata/vcgi/packaged_zips/CadastralParcels_VTPARCELS/VTPARCELS_Buels Gore.zip,Y,GORE,2022-04-15,Updated by VCGI using best available information,BUELSGORE,7010,5000710300,Y, ,18648.5418423423,12956149.2459979
179,Plainfield,https://maps.vcgi.vermont.gov/gisdata/vcgi/packaged_zips/CadastralParcels_VTPARCELS/VTPARCELS_Plainfield.zip,Y,TOWN,2022-04-19,Updated by VCGI using best available information,PLAINFIELD,23070,5002355825,Y, ,30915.1142807747,54611423.1096522
180,Duxbury,https://maps.vcgi.vermont.gov/gisdata/vcgi/packaged_zips/CadastralParcels_VTPARCELS/VTPARCELS_Duxbury.zip,Y,TOWN,2022-04-18,Updated by VCGI using best available information,DUXBURY,23030,5002318550,Y,http://maps.vcgi.vermont.gov/gisdata/vcgi/packaged_zips/CadastralParcels_VTPARCELS/VTPARCELS_standardized/DUXBURY/ORIG/VTPARCELS_DUXBURY_2017.zip,43510.8037674868,111810254.930794
181,Goshen,https://maps.vcgi.vermont.gov/gisdata/vcgi/packaged_zips/CadastralParcels_VTPARCELS/VTPARCELS_Goshen.zip,Y,TOWN,2022-04-25,Updated by VCGI using best available information,GOSHEN,1030,5000128600,Y, ,37037.7693876516,53723389.4541084
182,Stowe,https://maps.vcgi.vermont.gov/gisdata/vcgi/packaged_zips/CadastralParcels_VTPARCELS/VTPARCELS_Stowe.zip,Y,TOWN,2022-07-07,,STOWE,15040,5001570525,Y, ,62697.9539712171,188090868.6564
183,Essex,https://maps.vcgi.vermont.gov/gisdata/vcgi/packaged_zips/CadastralParcels_VTPARCELS/VTPARCELS_Essex.zip,Y,TOWN,2021-01-19,,ESSEX,7030,5000724175,Y, ,49205.3799547606,90059459.2893578
184,Essex Junction,https://maps.vcgi.vermont.gov/gisdata/vcgi/packaged_zips/CadastralParcels_VTPARCELS/VTPARCELS_Essex.zip,Y,CITY,2021-01-19,,ESSEXJUNCTION,,,Y, ,17730.4075224695,12034948.9193944
185,Troy,https://maps.vcgi.vermont.gov/gisdata/vcgi/packaged_zips/CadastralParcels_VTPARCELS/VTPARCELS_Troy.zip,Y,TOWN,2022-07-08,,TROY,19085,5001973525,Y, ,48015.465641371,94409132.7219207
186,Tunbridge,https://maps.vcgi.vermont.gov/gisdata/vcgi/packaged_zips/CadastralParcels_VTPARCELS/VTPARCELS_Tunbridge.zip,Y,TOWN,2022-07-08,,TUNBRIDGE,17065,5001773675,Y, ,43070.7750864203,116004827.616352
187,Westmore,https://maps.vcgi.vermont.gov/gisdata/vcgi/packaged_zips/CadastralParcels_VTPARCELS/VTPARCELS_Westmore.zip,Y,TOWN,2022-07-11, ,WESTMORE,19095,5001981700,Y,http://maps.vcgi.vermont.gov/gisdata/vcgi/packaged_zips/CadastralParcels_VTPARCELS/VTPARCELS_standardized/WESTMORE/ORIG/VTPARCELS_WESTMORE_2017.zip,39492.8564253007,97320459.6945036
188,Westfield,https://maps.vcgi.vermont.gov/gisdata/vcgi/packaged_zips/CadastralParcels_VTPARCELS/VTPARCELS_Westfield.zip,Y,TOWN,2022-07-12,,WESTFIELD,19090,5001980200,Y, ,40797.11303101,103634142.867643
189,Brattleboro,https://maps.vcgi.vermont.gov/gisdata/vcgi/packaged_zips/CadastralParcels_VTPARCELS/VTPARCELS_Brattleboro.zip,Y,TOWN,2022-07-12,,BRATTLEBORO,25010,5002507900,Y, ,40217.2715452297,84569334.1774196
190,Enosburgh,https://maps.vcgi.vermont.gov/gisdata/vcgi/packaged_zips/CadastralParcels_VTPARCELS/VTPARCELS_Enosburgh.zip,Y,TOWN,2022-07-14,Updated by VCGI using best available information,ENOSBURGH,11020,5001124050,Y, ,46761.9832753425,124580883.24987
191,Granby,https://maps.vcgi.vermont.gov/gisdata/vcgi/packaged_zips/CadastralParcels_VTPARCELS/VTPARCELS_Granby.zip,Y,TOWN,2022-07-15,Updated by VCGI using best available information,GRANBY,9050,5000929125,Y, ,40079.1861614604,100535554.920999
192,Saint Johnsbury,https://maps.vcgi.vermont.gov/gisdata/vcgi/packaged_zips/CadastralParcels_VTPARCELS/VTPARCELS_Saint Johnsbury.zip,Y,TOWN,2022-07-19,,STJOHNSBURY,5055,5000562200,Y, ,40291.6338747438,95309846.4996584
193,Shoreham,https://maps.vcgi.vermont.gov/gisdata/vcgi/packaged_zips/CadastralParcels_VTPARCELS/VTPARCELS_Shoreham.zip,Y,TOWN,2022-07-20,,SHOREHAM,1090,5000165050,Y, ,45534.1732341744,119466396.432352
194,Poultney,https://maps.vcgi.vermont.gov/gisdata/vcgi/packaged_zips/CadastralParcels_VTPARCELS/VTPARCELS_Poultney.zip,Y,TOWN,2022-07-21,,POULTNEY,21085,5002156875,Y, ,46809.1663823251,112959790.024385
195,Monkton,https://maps.vcgi.vermont.gov/gisdata/vcgi/packaged_zips/CadastralParcels_VTPARCELS/VTPARCELS_Monkton.zip,Y,TOWN,2022-07-22,,MONKTON,1060,5000145550,Y, ,40092.5549424928,93934902.1976032
196,Fairfield,https://maps.vcgi.vermont.gov/gisdata/vcgi/packaged_zips/CadastralParcels_VTPARCELS/VTPARCELS_Fairfield.zip,Y,TOWN,2022-07-26,,FAIRFIELD,11030,5001125225,Y, ,64524.290197094,177142867.223874
197,Highgate,https://maps.vcgi.vermont.gov/gisdata/vcgi/packaged_zips/CadastralParcels_VTPARCELS/VTPARCELS_Highgate.zip,Y,TOWN,2022-07-26,,HIGHGATE,11050,5001133025,Y, ,57367.8405285981,155573562.465179
198,Sharon,https://maps.vcgi.vermont.gov/gisdata/vcgi/packaged_zips/CadastralParcels_VTPARCELS/VTPARCELS_Sharon.zip,Y,TOWN,2022-07-27,Updated by VCGI using best available information.,SHARON,27085,5002763775,Y, ,41995.7753558315,104395322.725497
199,Bloomfield,https://maps.vcgi.vermont.gov/gisdata/vcgi/packaged_zips/CadastralParcels_VTPARCELS/VTPARCELS_Bloomfield.zip,Y,TOWN,2022-07-27,Updated by VCGI using best available information.,BLOOMFIELD,9015,5000906325,Y, ,42802.711963498,104215530.716131
200,Greensboro,https://maps.vcgi.vermont.gov/gisdata/vcgi/packaged_zips/CadastralParcels_VTPARCELS/VTPARCELS_Greensboro.zip,Y,TOWN,2022-07-28,Updated by VCGI using best available information.,GREENSBORO,19045,5001930175,Y,http://maps.vcgi.vermont.gov/gisdata/vcgi/packaged_zips/CadastralParcels_VTPARCELS/VTPARCELS_standardized/GREENSBORO/ORIG/VTPARCELS_GREENSBORO_2017.zip,40376.5527337281,102430049.349998
201,Sandgate,https://maps.vcgi.vermont.gov/gisdata/vcgi/packaged_zips/CadastralParcels_VTPARCELS/VTPARCELS_Sandgate.zip,Y,TOWN,2022-07-29,Updated by VCGI using best available information,SANDGATE,3050,5000362875,Y,http://maps.vcgi.vermont.gov/gisdata/vcgi/packaged_zips/CadastralParcels_VTPARCELS/VTPARCELS_standardized/SANDGATE/ORIG/VTPARCELS_SANDGATE_2017.zip,41870.1054814225,109610493.972653
202,Belvidere,https://maps.vcgi.vermont.gov/gisdata/vcgi/packaged_zips/CadastralParcels_VTPARCELS/VTPARCELS_Belvidere.zip,Y,TOWN,2022-07-29,Updated by VCGI using best available information.,BELVIDERE,15005,5001504375,Y,http://maps.vcgi.vermont.gov/gisdata/vcgi/packaged_zips/CadastralParcels_VTPARCELS/VTPARCELS_standardized/BELVIDERE/ORIG/VTPARCELS_BELVIDERE_2017.zip,38042.7487138275,92349428.7662991
203,Vergennes,https://maps.vcgi.vermont.gov/gisdata/vcgi/packaged_zips/CadastralParcels_VTPARCELS/VTPARCELS_Vergennes.zip,Y,CITY,2022-08-01,Updated by VCGI using best available information.,VERGENNES,1100,5000174650,Y,http://maps.vcgi.vermont.gov/gisdata/vcgi/packaged_zips/CadastralParcels_VTPARCELS/VTPARCELS_standardized/VERGENNES/ORIG/VTPARCELS_VERGENNES_2017.zip,10203.9628535239,6560941.4799491
204,Wallingford,https://maps.vcgi.vermont.gov/gisdata/vcgi/packaged_zips/CadastralParcels_VTPARCELS/VTPARCELS_Wallingford.zip,Y,TOWN,2022-08-01,,WALLINGFORD,21125,5002175925,Y, ,45160.1765164765,111251506.169779
205,Weybridge,https://maps.vcgi.vermont.gov/gisdata/vcgi/packaged_zips/CadastralParcels_VTPARCELS/VTPARCELS_Weybridge.zip,Y,TOWN,2022-08-02,Updated by VCGI using best available information.,WEYBRIDGE,1110,5000183275,Y,http://maps.vcgi.vermont.gov/gisdata/vcgi/packaged_zips/CadastralParcels_VTPARCELS/VTPARCELS_standardized/WEYBRIDGE/ORIG/VTPARCELS_WEYBRIDGE_2017.zip,30602.2230315905,45500501.4734517
206,Brookline,https://maps.vcgi.vermont.gov/gisdata/vcgi/packaged_zips/CadastralParcels_VTPARCELS/VTPARCELS_Brookline.zip,Y,TOWN,2022-08-02,,BROOKLINE,25015,5002509475,Y, ,34118.8275888638,33566339.4430026
207,Vershire,https://maps.vcgi.vermont.gov/gisdata/vcgi/packaged_zips/CadastralParcels_VTPARCELS/VTPARCELS_Vershire.zip,Y,TOWN,2022-08-02,Updated by VCGI using best available information.,VERSHIRE,17070,5001774950,Y,http://maps.vcgi.vermont.gov/gisdata/vcgi/packaged_zips/CadastralParcels_VTPARCELS/VTPARCELS_standardized/VERSHIRE/ORIG/VTPARCELS_VERSHIRE_2017.zip,38990.3243101837,93626405.1782017
208,Townshend,https://maps.vcgi.vermont.gov/gisdata/vcgi/packaged_zips/CadastralParcels_VTPARCELS/VTPARCELS_Townshend.zip,Y,TOWN,2022-08-02, ,TOWNSHEND,25080,5002573300,Y,http://maps.vcgi.vermont.gov/gisdata/vcgi/packaged_zips/CadastralParcels_VTPARCELS/VTPARCELS_standardized/TOWNSHEND/ORIG/VTPARCELS_TOWNSHEND_2017.zip,45695.665899488,110672389.814904
209,Westford,https://maps.vcgi.vermont.gov/gisdata/vcgi/packaged_zips/CadastralParcels_VTPARCELS/VTPARCELS_Westford.zip,Y,TOWN,2022-08-03,Updated by VCGI using best available information.,WESTFORD,7080,5000780350,Y,http://maps.vcgi.vermont.gov/gisdata/vcgi/packaged_zips/CadastralParcels_VTPARCELS/VTPARCELS_standardized/WESTFORD/ORIG/VTPARCELS_WESTFORD_2017.zip,41081.296277086,101340585.425416
210,Washington,https://maps.vcgi.vermont.gov/gisdata/vcgi/packaged_zips/CadastralParcels_VTPARCELS/VTPARCELS_Washington.zip,Y,TOWN,2022-08-04,Updated by VCGI using best available information.,WASHINGTON,17075,5001776750,Y,http://maps.vcgi.vermont.gov/gisdata/vcgi/packaged_zips/CadastralParcels_VTPARCELS/VTPARCELS_standardized/WASHINGTON/ORIG/VTPARCELS_WASHINGTON_2017.zip,40334.1257818917,101091528.701299
211,Alburgh,https://maps.vcgi.vermont.gov/gisdata/vcgi/packaged_zips/CadastralParcels_VTPARCELS/VTPARCELS_Alburgh.zip,Y,TOWN,2022-08-05,Updated by VCGI using best available information.,ALBURGH,13005,5001300860,Y,http://maps.vcgi.vermont.gov/gisdata/vcgi/packaged_zips/CadastralParcels_VTPARCELS/VTPARCELS_standardized/ALBURGH/ORIG/VTPARCELS_ALBURGH_2017.zip,55791.5420970561,123041222.698697
212,Underhill,https://maps.vcgi.vermont.gov/gisdata/vcgi/packaged_zips/CadastralParcels_VTPARCELS/VTPARCELS_Underhill.zip,Y,TOWN,2022-08-05,Updated by VCGI using best available information ,UNDERHILL,7075,5000773975,Y,http://maps.vcgi.vermont.gov/gisdata/vcgi/packaged_zips/CadastralParcels_VTPARCELS/VTPARCELS_standardized/UNDERHILL/ORIG/VTPARCELS_UNDERHILL_2017.zip,50093.3501983845,132834035.376258
213,Wardsboro,https://maps.vcgi.vermont.gov/gisdata/vcgi/packaged_zips/CadastralParcels_VTPARCELS/VTPARCELS_Wardsboro.zip,Y,TOWN,2022-08-09,Updated by VCGI using best available information.,WARDSBORO,25090,5002576225,Y,http://maps.vcgi.vermont.gov/gisdata/vcgi/packaged_zips/CadastralParcels_VTPARCELS/VTPARCELS_standardized/WARDSBORO/ORIG/VTPARCELS_WARDSBORO_2017.zip,35961.9725159818,75787729.3928547
214,Dover,https://maps.vcgi.vermont.gov/gisdata/vcgi/packaged_zips/CadastralParcels_VTPARCELS/VTPARCELS_Dover.zip,Y,TOWN,2022-08-15,,DOVER,25020,5002517875,Y, ,40205.8135081782,92863621.3217979
215,Shelburne,https://maps.vcgi.vermont.gov/gisdata/vcgi/packaged_zips/CadastralParcels_VTPARCELS/VTPARCELS_Shelburne.zip,Y,TOWN,2022-08-18,,SHELBURNE,7065,5000764300,Y, ,45748.1188717505,113351332.203691
216,Bethel,https://maps.vcgi.vermont.gov/gisdata/vcgi/packaged_zips/CadastralParcels_VTPARCELS/VTPARCELS_Bethel.zip,Y,TOWN,2022-08-18, ,BETHEL,27020,5002705800,Y,http://maps.vcgi.vermont.gov/gisdata/vcgi/packaged_zips/CadastralParcels_VTPARCELS/VTPARCELS_standardized/BETHEL/ORIG/VTPARCELS_BETHEL_2017.zip,43779.9008005241,118502491.453821
217,Shrewsbury,https://maps.vcgi.vermont.gov/gisdata/vcgi/packaged_zips/CadastralParcels_VTPARCELS/VTPARCELS_Shrewsbury.zip,Y,TOWN,2022-08-19,,SHREWSBURY,21110,5002165275,Y, ,49345.4995073178,130189817.118765
218,Thetford,https://maps.vcgi.vermont.gov/gisdata/vcgi/packaged_zips/CadastralParcels_VTPARCELS/VTPARCELS_Thetford.zip,Y,TOWN,2022-08-19,,THETFORD,17055,5001772400,Y, ,44976.9497934422,114782524.223285
219,Sudbury,https://maps.vcgi.vermont.gov/gisdata/vcgi/packaged_zips/CadastralParcels_VTPARCELS/VTPARCELS_Sudbury.zip,Y,TOWN,2022-08-22,Updated by VCGI using best available information.,SUDBURY,21115,5002171050,Y, ,34737.1471931046,57355260.6413976
220,Dummerston,https://maps.vcgi.vermont.gov/gisdata/vcgi/packaged_zips/CadastralParcels_VTPARCELS/VTPARCELS_Dummerston.zip,Y,TOWN,2022-08-26,,DUMMERSTON,25025,5002518325,Y, ,40034.3257357348,80110181.8897825
221,Jay,https://maps.vcgi.vermont.gov/gisdata/vcgi/packaged_zips/CadastralParcels_VTPARCELS/VTPARCELS_Jay.zip,Y,TOWN,2022-08-30,,JAY,19060,5001936325,Y, ,37738.294754471,87962933.2073602
222,Bradford,https://maps.vcgi.vermont.gov/gisdata/vcgi/packaged_zips/CadastralParcels_VTPARCELS/VTPARCELS_Bradford.zip,Y,TOWN,2022-08-30,,BRADFORD,17005,5001707375,Y,,44573.6187412786,77299603.4729128
223,Fairlee,https://maps.vcgi.vermont.gov/gisdata/vcgi/packaged_zips/CadastralParcels_VTPARCELS/VTPARCELS_Fairlee.zip,Y,TOWN,2022-08-30, ,FAIRLEE,17030,5001725675,Y,http://maps.vcgi.vermont.gov/gisdata/vcgi/packaged_zips/CadastralParcels_VTPARCELS/VTPARCELS_standardized/FAIRLEE/ORIG/VTPARCELS_FAIRLEE_2017.zip,34170.5366121152,54435808.8385712
224,Groton,https://maps.vcgi.vermont.gov/gisdata/vcgi/packaged_zips/CadastralParcels_VTPARCELS/VTPARCELS_Groton.zip,Y,TOWN,2022-08-30,,GROTON,5020,5000530550,Y, ,48663.1601001344,142520770.341473
225,West Fairlee,https://maps.vcgi.vermont.gov/gisdata/vcgi/packaged_zips/CadastralParcels_VTPARCELS/VTPARCELS_West Fairlee.zip,Y,TOWN,2022-08-31,,WESTFAIRLEE,17080,5001779975,Y, ,32673.4794625038,59149461.4340991
226,Lowell,https://maps.vcgi.vermont.gov/gisdata/vcgi/packaged_zips/CadastralParcels_VTPARCELS/VTPARCELS_Lowell.zip,Y,TOWN,2022-09-01,,LOWELL,19065,5001940525,Y, ,52416.9708983132,146608540.646871
227,Waterford,https://maps.vcgi.vermont.gov/gisdata/vcgi/packaged_zips/CadastralParcels_VTPARCELS/VTPARCELS_Waterford.zip,Y,TOWN,2022-09-02,,WATERFORD,5080,5000577125,Y,http://maps.vcgi.vermont.gov/gisdata/vcgi/packaged_zips/CadastralParcels_VTPARCELS/VTPARCELS_standardized/WATERFORD/ORIG/VTPARCELS_WATERFORD_2017.zip,42969.5860385539,102842129.626178
228,Castleton,https://maps.vcgi.vermont.gov/gisdata/vcgi/packaged_zips/CadastralParcels_VTPARCELS/VTPARCELS_Castleton.zip,Y,TOWN,2022-09-02,,CASTLETON,21015,5002111950,Y, ,42346.1446234058,109797490.890118
229,Windham,https://maps.vcgi.vermont.gov/gisdata/vcgi/packaged_zips/CadastralParcels_VTPARCELS/VTPARCELS_Windham.zip,Y,TOWN,2022-09-06,,WINDHAM,25110,5002584850,Y, ,35392.7577244964,67788207.9772006
230,Chester,https://maps.vcgi.vermont.gov/gisdata/vcgi/packaged_zips/CadastralParcels_VTPARCELS/VTPARCELS_Chester.zip,Y,TOWN,2022-09-06,,CHESTER,27035,5002713675,Y, ,48723.1535959133,144952850.486002
231,Wilmington,https://maps.vcgi.vermont.gov/gisdata/vcgi/packaged_zips/CadastralParcels_VTPARCELS/VTPARCELS_Wilmington.zip,Y,TOWN,2022-09-06, ,WILMINGTON,25105,5002584700,Y, ,41967.2472565792,109968937.614151
232,Brandon,https://maps.vcgi.vermont.gov/gisdata/vcgi/packaged_zips/CadastralParcels_VTPARCELS/VTPARCELS_Brandon.zip,Y,TOWN,2022-09-09,,BRANDON,21010,5002107750,Y, ,42808.273822208,103491845.615668
233,Colchester,https://maps.vcgi.vermont.gov/gisdata/vcgi/packaged_zips/CadastralParcels_VTPARCELS/VTPARCELS_Colchester.zip,Y,TOWN,2022-09-12,,COLCHESTER,7025,5000714875,Y, ,68239.7812025459,156466204.26995
234,Orwell,https://maps.vcgi.vermont.gov/gisdata/vcgi/packaged_zips/CadastralParcels_VTPARCELS/VTPARCELS_Orwell.zip,Y,TOWN,2022-09-13,,ORWELL,1070,5000153725,Y, ,47182.9344704306,128785301.7582
235,Weston,https://maps.vcgi.vermont.gov/gisdata/vcgi/packaged_zips/CadastralParcels_VTPARCELS/VTPARCELS_Weston.zip,Y,TOWN,2022-09-13,,WESTON,27105,5002782000,Y, ,45573.0198397178,92106738.2657395
236,Rupert,https://maps.vcgi.vermont.gov/gisdata/vcgi/packaged_zips/CadastralParcels_VTPARCELS/VTPARCELS_Rupert.zip,Y,TOWN,2022-09-13,,RUPERT,3045,5000361000,Y, ,42831.1774390743,115977183.251618
237,Starksboro,https://maps.vcgi.vermont.gov/gisdata/vcgi/packaged_zips/CadastralParcels_VTPARCELS/VTPARCELS_Starksboro.zip,Y,TOWN,2022-09-20,,STARKSBORO,1095,5000170075,Y, ,51495.4924906227,117985555.473949
238,Granville,https://maps.vcgi.vermont.gov/gisdata/vcgi/packaged_zips/CadastralParcels_VTPARCELS/VTPARCELS_Granville.zip,Y,TOWN,2022-09-22,,GRANVILLE,1035,5000129575,Y, ,46977.6502621286,132031155.983643
239,Hancock,https://maps.vcgi.vermont.gov/gisdata/vcgi/packaged_zips/CadastralParcels_VTPARCELS/VTPARCELS_Hancock.zip,Y,TOWN,2022-09-22,,HANCOCK,1040,5000131525,Y, ,47182.6346476981,99942615.6940998
240,Royalton,https://maps.vcgi.vermont.gov/gisdata/vcgi/packaged_zips/CadastralParcels_VTPARCELS/VTPARCELS_Royalton.zip,Y,TOWN,2022-09-23,,ROYALTON,27080,5002760850,Y, ,41544.5457348413,106046338.343964
241,Montpelier,https://maps.vcgi.vermont.gov/gisdata/vcgi/packaged_zips/CadastralParcels_VTPARCELS/VTPARCELS_Montpelier.zip,Y,CITY,2022-09-26,,MONTPELIER,23055,5002346000,Y, ,27780.0068341212,26554069.8703779
242,Marlboro,https://maps.vcgi.vermont.gov/gisdata/vcgi/packaged_zips/CadastralParcels_VTPARCELS/VTPARCELS_Marlboro.zip,Y,TOWN,2022-09-27,,MARLBORO,25055,5002543375,Y, ,41070.4692370824,105473646.911198
243,Bridport,https://maps.vcgi.vermont.gov/gisdata/vcgi/packaged_zips/CadastralParcels_VTPARCELS/VTPARCELS_Bridport.zip,Y,TOWN,2022-10-04,,BRIDPORT,1010,5000108575,Y, ,44416.9383272885,119957420.112
244,Rutland Town,https://maps.vcgi.vermont.gov/gisdata/vcgi/packaged_zips/CadastralParcels_VTPARCELS/VTPARCELS_Rutland Town.zip,Y,TOWN,2022-10-04,,RUTLANDTOWN,21100,5002161300,Y, ,62928.559249737,49793866.2039927
245,Waitsfield,https://maps.vcgi.vermont.gov/gisdata/vcgi/packaged_zips/CadastralParcels_VTPARCELS/VTPARCELS_Waitsfield.zip,Y,TOWN,2022-10-11, ,WAITSFIELD,23080,5002375325,Y,http://maps.vcgi.vermont.gov/gisdata/vcgi/packaged_zips/CadastralParcels_VTPARCELS/VTPARCELS_standardized/WAITSFIELD/ORIG/VTPARCELS_WAITSFIELD_2017.zip,35347.7523588854,67142073.0768026
246,Peacham,https://maps.vcgi.vermont.gov/gisdata/vcgi/packaged_zips/CadastralParcels_VTPARCELS/VTPARCELS_Peacham.zip,Y,TOWN,2022-10-11, ,PEACHAM,5045,5000554400,Y, ,48153.0743596881,123601606.574932
247,Waltham,https://maps.vcgi.vermont.gov/gisdata/vcgi/packaged_zips/CadastralParcels_VTPARCELS/VTPARCELS_Waltham.zip,Y,TOWN,2022-10-18,,WALTHAM,1105,5000176075,Y, ,25500.3156526751,23917472.7044009
248,Berlin,https://maps.vcgi.vermont.gov/gisdata/vcgi/packaged_zips/CadastralParcels_VTPARCELS/VTPARCELS_Berlin.zip,Y,TOWN,2022-10-21,,BERLIN,23015,5002305650,Y, ,43158.4237694685,95093024.5423173
249,Glover,https://maps.vcgi.vermont.gov/gisdata/vcgi/packaged_zips/CadastralParcels_VTPARCELS/VTPARCELS_Glover.zip,Y,TOWN,2022-10-25,,GLOVER,19040,5001928075,Y, ,39905.8030320315,99792938.4699498
250,Derby,https://maps.vcgi.vermont.gov/gisdata/vcgi/packaged_zips/CadastralParcels_VTPARCELS/VTPARCELS_Derby.zip,Y,TOWN,2022-10-27,,DERBY,19035,5001917350,Y, ,64555.162161482,148529803.609354
251,Brunswick,https://maps.vcgi.vermont.gov/gisdata/vcgi/packaged_zips/CadastralParcels_VTPARCELS/VTPARCELS_Brunswick.zip,Y,TOWN,2022-10-28,,BRUNSWICK,9025,5000910075,Y, ,45991.652676475,64872284.8847055
252,Arlington,https://maps.vcgi.vermont.gov/gisdata/vcgi/packaged_zips/CadastralParcels_VTPARCELS/VTPARCELS_Arlington.zip,Y,TOWN,2022-10-28, ,ARLINGTON,3005,5000301450,Y, ,41889.1599928862,109369692.6737
253,Bolton,https://maps.vcgi.vermont.gov/gisdata/vcgi/packaged_zips/CadastralParcels_VTPARCELS/VTPARCELS_Bolton.zip,Y,TOWN,2022-10-31,,BOLTON,7005,5000706550,Y, ,48743.7680355705,109193887.44035
254,Danby,https://maps.vcgi.vermont.gov/gisdata/vcgi/packaged_zips/CadastralParcels_VTPARCELS/VTPARCELS_Danby.zip,Y,TOWN,2022-11-01,,DANBY,21030,5002116825,Y, ,41329.5386410386,107936081.049799
255,Montgomery,https://maps.vcgi.vermont.gov/gisdata/vcgi/packaged_zips/CadastralParcels_VTPARCELS/VTPARCELS_Montgomery.zip,Y,TOWN,2022-11-07,,MONTGOMERY,11055,5001145850,Y, ,51578.4562569835,146119827.239102
256,Stamford,https://maps.vcgi.vermont.gov/gisdata/vcgi/packaged_zips/CadastralParcels_VTPARCELS/VTPARCELS_Stamford.zip,Y,TOWN,2022-11-07,,STAMFORD,3065,5000369775,Y, ,40489.2821328718,102573586.726956
